Supplier_ID,Supplier_Name,Supplier_Location,Supplier_Category,Contact_Person,Contact_Email,Contact_Phone,Product_ID,Product_Name,Warehouse_ID,Warehouse_Location,Average_Lead_Time,On_Time_Delivery_Rate,Delivery_Accuracy,Damage_Rate,Shipment_Variability,Freight_Cost_Per_Shipment,Restocking_Frequency,Defect_Rate,Quality_Rating,Return_Rate,Compliance_Score,Sustainability_Score,Unit_Cost,Bulk_Discount_Rate,Payment_Term,Average_Invoice_Value,Credit_Score,Collaboration_Level,Dispute_Count,Resolution_Time_Avg,Satisfaction_Score,Loyalty_Score,Overall_Performance_Score,Risk_Score,Ranking,Last_Performance_Review,Cluster,Cluster_Name
SUP7,Supplier 95,Surabaya,Sportswear,Contact 314,supplier2@supplier.com,+62-812-8407,PROD7143,Product 652,WH24,Surabaya,21,83.64,97.64,2.42,4.99,259378.94,4,3.03,4.82,1.2,78.8,3.58,528232.06,8.38,Upfront Payment,3934620.74,625,Preferred Vendor,4,8.69,3.84,4.62,3.52,0.42,25,2022-06-24,2,"Low Cost, Efficient Supplier"
SUP16,Supplier 84,Bandung,Accessories,Contact 33,supplier78@supplier.com,+62-812-5507,PROD9422,Product 961,WH42,Jakarta,27,86.25,93.08,3.83,2.29,113412.17,10,1.35,4.48,1.12,81.53,4.4,145261.57,3.11,Upfront Payment,3522209.88,810,Transactional,1,10.99,4.06,3.59,3.67,0.13,9,2020-07-19,2,"Low Cost, Efficient Supplier"
SUP73,Supplier 88,Bali,Accessories,Contact 476,supplier22@supplier.com,+62-812-5796,PROD5728,Product 264,WH33,Jakarta,12,97.58,94.86,4.38,4.09,103209.04,9,2.29,3.98,1.53,91.39,4.4,771714.32,17.58,Net 30,4544749.22,818,Strategic Partner,2,14.55,3.73,4.35,4.86,0.07,78,2022-11-12,2,"Low Cost, Efficient Supplier"
SUP82,Supplier 82,Jakarta,Sportswear,Contact 310,supplier71@supplier.com,+62-812-2813,PROD2537,Product 384,WH32,Surabaya,13,99.88,91.53,1.16,4.71,287992.13,4,3.62,4.64,1.39,80.44,4.69,964133.19,7.56,Net 30,2596319.86,763,Strategic Partner,9,1.01,3.23,3.48,3.65,0.24,23,2022-12-13,1,"Moderate Cost, Balanced Supplier"
SUP81,Supplier 31,Bali,Sportswear,Contact 470,supplier16@supplier.com,+62-812-6330,PROD6354,Product 518,WH48,Medan,16,98.66,91.1,3.92,2.66,395522.82,9,2.33,4.78,0.76,91.38,3.71,932076.11,12.73,Net 60,1715510.56,777,Strategic Partner,0,11.73,3.28,4.93,4.16,0.67,74,2021-03-30,2,"Low Cost, Efficient Supplier"
SUP75,Supplier 14,Surabaya,Footwear,Contact 41,supplier80@supplier.com,+62-812-3218,PROD8676,Product 921,WH35,Bali,1,93.68,98.82,2.87,0.96,155451.92,9,0.23,4.6,0.12,98.63,4.08,202745.42,18.98,Net 60,936989.33,847,Strategic Partner,6,3.82,3.39,4.22,4.88,0.07,92,2021-09-21,0,"High Invoice, High Cost Supplier"
SUP16,Supplier 99,Bali,Footwear,Contact 390,supplier4@supplier.com,+62-812-6174,PROD7098,Product 494,WH30,Medan,29,98.86,95.83,1.3,3.89,198182.57,8,4.09,4.93,0.18,90.99,3.13,365415.46,4.92,Upfront Payment,3236965.62,821,Preferred Vendor,1,5.82,3.96,4.37,3.18,0.04,54,2024-11-03,1,"Moderate Cost, Balanced Supplier"
SUP52,Supplier 59,Bandung,Footwear,Contact 234,supplier1@supplier.com,+62-812-4123,PROD2491,Product 170,WH42,Surabaya,5,88.54,99.61,4.76,4.22,195836.4,3,0.25,3.35,0.83,89.45,4.77,287998.87,19.04,Net 60,3564335.75,817,Strategic Partner,8,5.76,4.32,3.13,3.88,0.34,42,2023-06-04,0,"High Invoice, High Cost Supplier"
SUP41,Supplier 7,Jakarta,Sportswear,Contact 322,supplier10@supplier.com,+62-812-1154,PROD1743,Product 140,WH24,Bandung,21,88.1,90.88,4.15,0.74,166198.12,9,0.15,3.52,1.94,74.73,3.59,636542.27,3.02,Net 60,1351170.76,830,Transactional,1,14.21,3.94,4.56,4.85,0.66,35,2023-01-22,2,"Low Cost, Efficient Supplier"
SUP47,Supplier 11,Bandung,Accessories,Contact 102,supplier8@supplier.com,+62-812-8084,PROD5481,Product 441,WH29,Surabaya,25,96.22,99.43,1.45,3.58,257569.21,3,0.43,4.84,0.15,92.27,4.39,767383.84,7.27,Upfront Payment,2368594.92,800,Strategic Partner,2,14.79,3.44,3.01,3.35,0.62,29,2020-04-29,1,"Moderate Cost, Balanced Supplier"
SUP86,Supplier 7,Medan,Sportswear,Contact 112,supplier52@supplier.com,+62-812-4565,PROD8638,Product 89,WH45,Bali,10,88.29,94.74,3.55,0.79,11840.65,6,1.75,4.38,1.28,76.31,3.08,370605.55,2.8,Net 30,1510755.69,620,Strategic Partner,10,6.53,4.29,4.87,4.43,0.02,21,2023-07-13,2,"Low Cost, Efficient Supplier"
SUP82,Supplier 100,Jakarta,Footwear,Contact 210,supplier86@supplier.com,+62-812-8263,PROD8806,Product 109,WH46,Bandung,3,85.47,98.09,4.1,3.49,211676.57,5,3.94,3.28,1.08,90.43,4.11,983042.94,3.31,Upfront Payment,3332891.04,608,Transactional,0,5.06,4.08,4.03,4.16,0.24,41,2020-04-26,2,"Low Cost, Efficient Supplier"
SUP41,Supplier 72,Jakarta,Sportswear,Contact 196,supplier25@supplier.com,+62-812-6521,PROD4047,Product 45,WH4,Surabaya,9,95.26,91.46,1.11,4.22,91657.06,9,0.53,4.23,1.09,72.42,4.29,134258.51,14.9,Upfront Payment,1437968.86,756,Preferred Vendor,4,10.83,4.18,3.22,4.18,0.13,94,2020-05-08,1,"Moderate Cost, Balanced Supplier"
SUP71,Supplier 96,Bandung,Accessories,Contact 497,supplier54@supplier.com,+62-812-3552,PROD9689,Product 97,WH50,Surabaya,9,91.73,95.35,2.68,2.7,102726.29,7,2.3,4.97,0.87,90.43,4.98,885053.85,9.73,Upfront Payment,1371891.39,712,Preferred Vendor,5,3.96,3.49,3.94,4.24,0.1,81,2021-08-29,1,"Moderate Cost, Balanced Supplier"
SUP23,Supplier 81,Medan,Sportswear,Contact 389,supplier49@supplier.com,+62-812-2531,PROD4771,Product 568,WH17,Bali,28,95.92,94.38,1.35,4.23,157383.02,3,1.71,4.64,0.92,93.64,4.99,830418.53,17.8,Upfront Payment,3977737.27,744,Strategic Partner,3,8.21,3.07,4.58,3.69,0.11,40,2024-01-09,1,"Moderate Cost, Balanced Supplier"
SUP19,Supplier 79,Medan,Footwear,Contact 289,supplier25@supplier.com,+62-812-7635,PROD8979,Product 269,WH14,Medan,9,89.47,92.53,3.2,1.89,325339.45,4,1.16,3.78,0.36,96.8,4.64,272598.62,19.3,Upfront Payment,4730525.11,744,Strategic Partner,1,10.03,3.66,3.05,3.72,0.26,54,2021-05-20,0,"High Invoice, High Cost Supplier"
SUP61,Supplier 72,Medan,Footwear,Contact 72,supplier24@supplier.com,+62-812-7473,PROD7588,Product 267,WH21,Bandung,6,96.43,95.36,3.99,2.68,141143.37,10,4.2,3.42,0.03,73.48,4.62,362332.5,9.62,Upfront Payment,1897829.52,838,Strategic Partner,2,13.47,3.37,4.32,3.67,0.61,95,2022-04-03,2,"Low Cost, Efficient Supplier"
SUP94,Supplier 39,Medan,Footwear,Contact 81,supplier62@supplier.com,+62-812-8160,PROD2425,Product 234,WH31,Jakarta,8,97.56,95.79,2.73,1.86,81550.74,8,1.51,3.53,0.31,91.57,3.31,251650.86,17.2,Net 30,2027069.09,632,Strategic Partner,1,8.53,4.2,4.49,4.97,0.69,82,2022-10-04,2,"Low Cost, Efficient Supplier"
SUP42,Supplier 92,Jakarta,Accessories,Contact 411,supplier29@supplier.com,+62-812-1239,PROD5203,Product 100,WH30,Medan,24,94.42,93.14,3.37,4.72,472040.19,2,2.28,4.66,1.96,79.51,3.85,393292.96,18.42,Net 30,1561986.4,675,Preferred Vendor,3,6.12,3.15,3.16,4.61,0.89,5,2021-04-26,2,"Low Cost, Efficient Supplier"
SUP3,Supplier 87,Bandung,Accessories,Contact 68,supplier72@supplier.com,+62-812-9569,PROD7641,Product 477,WH24,Surabaya,2,85.47,98.31,3.16,1.55,470909.77,1,2.82,3.89,0.91,82.62,3.75,919669.94,18.14,Net 30,4453621.35,790,Transactional,2,5.88,4.32,3.93,3.74,0.8,57,2023-05-30,0,"High Invoice, High Cost Supplier"
SUP23,Supplier 87,Bandung,Sportswear,Contact 497,supplier100@supplier.com,+62-812-6952,PROD9953,Product 362,WH49,Bali,28,89.2,99.18,1.95,2.06,305339.77,2,0.69,3.33,0.87,92.42,4.55,54360.18,12.82,Net 60,1093566.19,777,Transactional,10,10.78,4.92,4.74,4.13,0.82,19,2024-09-09,0,"High Invoice, High Cost Supplier"
SUP41,Supplier 91,Bali,Sportswear,Contact 166,supplier9@supplier.com,+62-812-9415,PROD5174,Product 646,WH9,Jakarta,12,86.77,98.25,0.91,2.04,468891.26,9,1.71,4.42,1.45,99.43,3.14,662044.79,12.88,Upfront Payment,1741480.48,771,Transactional,8,14.14,3.5,4.74,3.2,0.42,70,2023-09-03,1,"Moderate Cost, Balanced Supplier"
SUP30,Supplier 53,Jakarta,Sportswear,Contact 34,supplier74@supplier.com,+62-812-9844,PROD1000,Product 926,WH31,Surabaya,12,92.43,96.56,2.44,3.66,405927.75,4,0.41,4.04,1.54,73.04,3.12,873885.68,19.57,Net 60,1289406.12,841,Preferred Vendor,0,11.12,3.76,3.49,4.11,0.6,19,2024-01-07,1,"Moderate Cost, Balanced Supplier"
SUP25,Supplier 10,Jakarta,Footwear,Contact 465,supplier38@supplier.com,+62-812-9180,PROD3799,Product 77,WH42,Bandung,16,93.41,90.18,2.08,3.22,248509.23,6,2.88,3.8,0.8,90.04,4.72,516455.94,5.86,Net 30,994746.65,672,Transactional,5,8.16,3.48,4.36,4.2,0.42,74,2020-02-07,2,"Low Cost, Efficient Supplier"
SUP41,Supplier 90,Surabaya,Accessories,Contact 123,supplier70@supplier.com,+62-812-1184,PROD9009,Product 285,WH31,Surabaya,7,84.35,94.35,3.68,1.1,264356.21,6,3.0,3.96,1.63,80.6,3.89,392602.2,4.05,Upfront Payment,4379990.98,764,Transactional,9,10.56,4.61,4.19,3.69,0.37,91,2023-07-30,0,"High Invoice, High Cost Supplier"
SUP9,Supplier 9,Bali,Accessories,Contact 299,supplier66@supplier.com,+62-812-3299,PROD6925,Product 188,WH45,Bali,17,96.03,94.54,3.49,0.79,296136.68,4,1.77,4.18,1.74,95.4,4.76,991021.86,4.54,Net 30,3727644.8,667,Preferred Vendor,10,14.5,3.07,3.25,3.11,0.79,4,2023-11-13,1,"Moderate Cost, Balanced Supplier"
SUP77,Supplier 64,Jakarta,Sportswear,Contact 455,supplier79@supplier.com,+62-812-5817,PROD9882,Product 999,WH19,Bandung,30,87.84,91.98,2.57,3.05,53404.9,5,4.2,3.69,0.87,85.87,4.92,877568.82,15.12,Upfront Payment,4117214.47,647,Transactional,0,5.56,3.09,3.81,3.69,0.8,43,2020-09-08,2,"Low Cost, Efficient Supplier"
SUP51,Supplier 22,Surabaya,Accessories,Contact 330,supplier14@supplier.com,+62-812-9886,PROD6213,Product 146,WH12,Medan,26,99.05,97.2,3.57,1.5,487891.64,9,0.05,4.48,1.74,81.39,3.73,584876.32,9.19,Upfront Payment,2460546.67,755,Transactional,1,3.66,3.95,4.17,3.35,0.82,53,2020-07-11,1,"Moderate Cost, Balanced Supplier"
SUP39,Supplier 67,Bandung,Footwear,Contact 231,supplier37@supplier.com,+62-812-7579,PROD9161,Product 103,WH47,Bali,5,87.94,94.27,4.05,3.12,293921.49,9,0.55,4.12,1.94,93.68,4.14,294781.9,9.05,Net 30,4151809.89,826,Preferred Vendor,9,3.46,3.71,3.25,3.24,0.88,70,2022-05-21,0,"High Invoice, High Cost Supplier"
SUP56,Supplier 33,Medan,Footwear,Contact 380,supplier68@supplier.com,+62-812-8308,PROD2814,Product 816,WH41,Bandung,23,83.9,97.25,2.8,4.16,161222.25,7,0.76,3.08,1.42,80.91,4.61,155287.84,7.92,Net 60,3823706.37,840,Strategic Partner,3,4.2,3.23,3.7,4.39,0.66,21,2020-02-11,2,"Low Cost, Efficient Supplier"
SUP59,Supplier 15,Bali,Sportswear,Contact 99,supplier33@supplier.com,+62-812-3515,PROD7245,Product 696,WH32,Bali,27,89.67,93.19,1.99,2.36,261794.52,2,2.6,4.18,0.6,85.11,3.31,414510.29,5.42,Net 60,1096573.2,666,Strategic Partner,2,13.88,3.62,4.72,3.7,0.87,52,2020-08-10,2,"Low Cost, Efficient Supplier"
SUP79,Supplier 86,Jakarta,Sportswear,Contact 326,supplier57@supplier.com,+62-812-3228,PROD3732,Product 667,WH13,Bandung,21,84.49,96.18,1.89,1.84,142975.52,1,2.23,4.05,1.48,89.08,4.61,59024.19,18.05,Upfront Payment,4660778.82,780,Transactional,6,3.71,3.76,4.52,4.7,0.96,40,2020-08-10,0,"High Invoice, High Cost Supplier"
SUP23,Supplier 66,Bali,Footwear,Contact 429,supplier37@supplier.com,+62-812-6104,PROD9544,Product 486,WH24,Jakarta,2,81.49,95.06,2.84,0.77,317036.47,5,3.21,4.41,0.82,77.52,3.88,410102.15,6.21,Net 30,3024410.89,754,Preferred Vendor,2,4.38,3.76,3.35,3.75,0.43,49,2024-08-22,0,"High Invoice, High Cost Supplier"
SUP96,Supplier 55,Bali,Accessories,Contact 398,supplier51@supplier.com,+62-812-9929,PROD2886,Product 504,WH45,Medan,27,99.54,91.22,3.07,2.79,288678.34,1,4.22,3.98,1.64,79.36,4.67,398006.94,17.13,Upfront Payment,1156052.64,717,Strategic Partner,5,5.46,3.4,4.14,3.0,0.58,9,2021-04-19,1,"Moderate Cost, Balanced Supplier"
SUP67,Supplier 77,Medan,Accessories,Contact 113,supplier96@supplier.com,+62-812-8775,PROD2574,Product 435,WH30,Bandung,13,93.75,93.27,3.16,1.83,357550.06,5,4.36,4.05,0.86,75.01,4.02,288322.27,13.1,Net 30,3281654.31,763,Strategic Partner,2,1.76,3.91,4.48,3.05,0.9,68,2023-08-19,0,"High Invoice, High Cost Supplier"
SUP12,Supplier 85,Bali,Accessories,Contact 232,supplier46@supplier.com,+62-812-7070,PROD3402,Product 412,WH18,Medan,10,95.66,96.7,1.61,0.8,486843.15,8,3.08,3.55,1.39,74.45,4.51,713910.68,5.96,Net 60,3849542.69,817,Transactional,10,8.99,3.61,3.77,3.53,0.42,71,2020-02-21,0,"High Invoice, High Cost Supplier"
SUP86,Supplier 89,Jakarta,Footwear,Contact 187,supplier18@supplier.com,+62-812-3769,PROD1733,Product 672,WH38,Medan,14,94.17,97.26,5.0,2.01,197934.31,1,1.72,3.41,1.53,84.09,4.02,171866.73,12.28,Net 60,1868172.75,642,Preferred Vendor,9,1.69,4.8,4.63,3.92,0.65,46,2022-11-27,0,"High Invoice, High Cost Supplier"
SUP32,Supplier 93,Jakarta,Sportswear,Contact 496,supplier25@supplier.com,+62-812-9128,PROD5646,Product 635,WH39,Bandung,26,86.97,91.62,3.38,1.05,306560.58,7,0.71,4.94,0.38,82.49,3.23,799849.96,5.93,Net 60,4189096.77,762,Transactional,4,5.05,3.28,4.9,3.15,0.63,11,2024-11-14,1,"Moderate Cost, Balanced Supplier"
SUP71,Supplier 10,Bandung,Footwear,Contact 440,supplier7@supplier.com,+62-812-6407,PROD6542,Product 694,WH2,Surabaya,11,87.02,93.27,3.97,4.6,385972.12,7,4.79,3.46,0.79,76.78,4.25,848682.78,15.31,Net 60,1609004.16,631,Preferred Vendor,2,8.05,3.05,4.65,5.0,0.17,2,2020-10-30,2,"Low Cost, Efficient Supplier"
SUP20,Supplier 82,Jakarta,Footwear,Contact 240,supplier17@supplier.com,+62-812-6900,PROD7014,Product 514,WH17,Jakarta,2,93.26,95.55,1.54,4.94,268665.55,8,4.39,4.19,1.52,85.89,3.3,881119.55,12.79,Net 60,2140609.27,803,Transactional,10,1.04,4.53,3.29,4.08,0.0,32,2023-07-15,1,"Moderate Cost, Balanced Supplier"
SUP16,Supplier 21,Jakarta,Accessories,Contact 150,supplier99@supplier.com,+62-812-5134,PROD2562,Product 438,WH50,Medan,2,81.7,96.03,1.72,1.06,246164.89,7,4.01,4.83,0.48,90.16,4.94,883159.02,15.19,Net 60,3093604.35,652,Preferred Vendor,1,14.61,3.36,4.43,3.48,0.78,8,2021-05-03,2,"Low Cost, Efficient Supplier"
SUP42,Supplier 50,Medan,Sportswear,Contact 88,supplier52@supplier.com,+62-812-7294,PROD6981,Product 618,WH45,Medan,27,98.8,92.75,0.76,2.57,186890.37,10,0.3,4.27,1.52,77.83,3.63,935603.18,7.16,Net 60,4338517.53,797,Strategic Partner,5,2.77,3.0,4.89,4.68,0.15,41,2021-06-22,1,"Moderate Cost, Balanced Supplier"
SUP2,Supplier 90,Surabaya,Accessories,Contact 57,supplier60@supplier.com,+62-812-6149,PROD7668,Product 18,WH36,Bandung,2,96.71,91.79,4.44,2.42,210126.49,4,3.51,4.32,1.93,75.35,4.52,896276.66,0.07,Net 30,4300394.16,683,Transactional,7,5.9,3.14,4.92,4.78,0.16,48,2021-06-19,2,"Low Cost, Efficient Supplier"
SUP88,Supplier 25,Medan,Accessories,Contact 299,supplier19@supplier.com,+62-812-1533,PROD2523,Product 270,WH12,Bali,29,81.72,95.9,3.26,3.89,22420.61,5,0.25,3.32,0.06,97.12,4.1,795763.16,1.82,Upfront Payment,2878613.45,654,Transactional,9,14.09,4.62,3.24,4.81,0.2,74,2021-06-21,2,"Low Cost, Efficient Supplier"
SUP31,Supplier 22,Surabaya,Sportswear,Contact 180,supplier84@supplier.com,+62-812-7847,PROD7151,Product 514,WH24,Bandung,17,80.83,98.58,4.01,4.97,353767.96,3,3.44,4.19,1.26,74.58,4.89,649357.15,10.17,Net 60,946173.25,824,Strategic Partner,1,12.06,3.58,4.48,3.76,0.06,66,2023-11-12,2,"Low Cost, Efficient Supplier"
SUP23,Supplier 99,Medan,Footwear,Contact 247,supplier50@supplier.com,+62-812-6794,PROD6597,Product 51,WH29,Bandung,5,90.88,92.91,2.77,1.7,278454.48,10,2.16,4.94,1.71,94.74,3.64,408621.67,5.19,Upfront Payment,2622856.69,695,Transactional,10,8.82,4.65,4.73,3.13,0.46,38,2020-08-24,1,"Moderate Cost, Balanced Supplier"
SUP7,Supplier 43,Bali,Sportswear,Contact 377,supplier24@supplier.com,+62-812-7918,PROD5081,Product 102,WH25,Medan,21,98.68,90.52,0.71,3.76,458782.32,2,3.36,3.55,0.23,72.94,4.16,188341.63,15.42,Net 60,1392495.99,814,Strategic Partner,2,9.41,4.33,4.21,3.04,0.59,52,2024-05-02,1,"Moderate Cost, Balanced Supplier"
SUP36,Supplier 20,Jakarta,Accessories,Contact 214,supplier76@supplier.com,+62-812-2563,PROD5600,Product 277,WH9,Medan,28,81.83,92.73,1.03,1.52,346356.71,4,1.28,3.65,0.66,90.29,4.65,224930.89,10.99,Net 60,4881789.78,783,Transactional,5,3.1,4.45,3.55,4.55,0.82,38,2021-02-19,0,"High Invoice, High Cost Supplier"
SUP18,Supplier 39,Surabaya,Footwear,Contact 174,supplier42@supplier.com,+62-812-4416,PROD1059,Product 722,WH19,Bandung,14,97.67,96.13,2.31,4.83,26493.93,10,4.26,4.39,1.17,74.77,4.75,962240.23,17.64,Net 60,3598456.47,782,Preferred Vendor,0,12.42,4.98,3.38,3.08,0.52,6,2023-07-27,1,"Moderate Cost, Balanced Supplier"
SUP74,Supplier 79,Surabaya,Accessories,Contact 95,supplier50@supplier.com,+62-812-2457,PROD7490,Product 833,WH38,Bali,19,90.43,97.42,0.72,1.77,253058.84,5,3.92,4.92,0.86,74.36,4.02,149251.49,0.49,Net 60,4739377.98,839,Strategic Partner,10,3.54,4.87,3.2,4.69,0.34,25,2020-07-08,0,"High Invoice, High Cost Supplier"
SUP80,Supplier 1,Bali,Accessories,Contact 295,supplier81@supplier.com,+62-812-1001,PROD6554,Product 723,WH20,Surabaya,18,83.03,93.12,4.8,1.75,490760.16,3,4.37,4.95,0.13,90.38,4.59,494158.37,5.41,Net 60,2677849.52,796,Preferred Vendor,6,5.16,3.5,4.21,3.65,0.54,49,2023-03-25,0,"High Invoice, High Cost Supplier"
SUP26,Supplier 93,Bandung,Sportswear,Contact 479,supplier47@supplier.com,+62-812-4827,PROD6401,Product 861,WH44,Jakarta,22,92.42,97.42,2.57,3.64,250587.46,5,3.07,3.53,1.42,98.39,4.5,786304.97,13.43,Net 30,858948.91,804,Transactional,3,13.75,4.49,4.49,3.35,0.99,68,2021-08-28,2,"Low Cost, Efficient Supplier"
SUP90,Supplier 47,Jakarta,Accessories,Contact 264,supplier46@supplier.com,+62-812-8169,PROD9762,Product 6,WH34,Bandung,13,87.96,94.29,4.39,2.38,283066.91,3,4.39,4.57,0.03,92.33,4.41,275246.54,0.25,Net 30,1498143.55,772,Transactional,0,1.79,3.32,4.85,4.59,0.95,56,2020-10-22,2,"Low Cost, Efficient Supplier"
SUP65,Supplier 52,Medan,Sportswear,Contact 231,supplier98@supplier.com,+62-812-3856,PROD4103,Product 423,WH44,Bandung,5,80.54,92.73,4.91,4.75,178106.05,10,1.72,3.69,0.35,91.94,4.88,145155.41,15.6,Net 30,2992865.28,672,Strategic Partner,8,2.77,3.16,3.14,3.45,0.29,95,2023-05-12,0,"High Invoice, High Cost Supplier"
SUP49,Supplier 64,Medan,Accessories,Contact 385,supplier49@supplier.com,+62-812-5496,PROD9252,Product 204,WH40,Jakarta,10,80.48,92.92,4.68,3.43,272914.77,6,3.32,4.31,1.44,75.48,3.43,71800.88,4.63,Upfront Payment,4908010.97,772,Transactional,8,6.41,4.24,3.39,4.07,0.16,33,2024-05-08,0,"High Invoice, High Cost Supplier"
SUP57,Supplier 67,Surabaya,Footwear,Contact 495,supplier40@supplier.com,+62-812-9807,PROD9272,Product 687,WH21,Surabaya,20,99.6,95.45,2.02,2.62,158310.58,3,1.57,4.89,1.81,70.48,3.47,263065.14,2.99,Net 30,1834791.97,611,Strategic Partner,8,11.92,3.1,4.42,3.33,0.98,6,2022-08-04,2,"Low Cost, Efficient Supplier"
SUP98,Supplier 54,Jakarta,Footwear,Contact 157,supplier80@supplier.com,+62-812-4816,PROD6399,Product 922,WH30,Bandung,1,99.9,98.98,1.74,4.68,383177.34,5,3.18,4.84,0.2,95.92,4.24,258822.88,17.28,Net 30,3500702.71,773,Transactional,2,13.29,4.85,4.11,3.8,0.3,34,2023-06-07,1,"Moderate Cost, Balanced Supplier"
SUP32,Supplier 77,Bandung,Sportswear,Contact 385,supplier65@supplier.com,+62-812-4934,PROD1502,Product 420,WH33,Bali,25,93.55,93.52,1.73,0.99,463029.59,6,2.75,4.07,0.99,76.17,3.22,844589.93,10.93,Net 30,4959081.93,756,Strategic Partner,10,14.7,3.34,4.96,3.19,0.63,74,2024-05-13,2,"Low Cost, Efficient Supplier"
SUP78,Supplier 26,Bandung,Accessories,Contact 373,supplier4@supplier.com,+62-812-3270,PROD4746,Product 7,WH21,Jakarta,17,82.86,99.52,0.23,2.04,236048.57,8,3.24,3.27,1.1,91.28,3.63,194241.88,2.11,Net 60,1783209.42,764,Transactional,6,9.57,4.73,4.68,3.53,0.47,49,2022-12-24,2,"Low Cost, Efficient Supplier"
SUP16,Supplier 98,Bali,Sportswear,Contact 284,supplier97@supplier.com,+62-812-5580,PROD8806,Product 202,WH7,Bandung,4,94.7,95.65,1.14,4.42,86676.5,9,3.05,4.56,0.26,70.07,4.94,625976.4,10.08,Net 30,4074714.1,824,Strategic Partner,0,10.05,4.84,4.37,4.52,0.28,2,2024-04-07,1,"Moderate Cost, Balanced Supplier"
SUP97,Supplier 91,Bali,Accessories,Contact 70,supplier17@supplier.com,+62-812-9747,PROD2928,Product 280,WH2,Jakarta,19,92.54,90.78,4.9,2.37,197912.16,10,0.24,3.2,1.19,78.41,3.69,355533.55,18.47,Net 60,2694103.46,732,Strategic Partner,10,4.64,4.28,4.87,4.64,0.38,31,2020-11-09,2,"Low Cost, Efficient Supplier"
SUP89,Supplier 38,Jakarta,Accessories,Contact 208,supplier3@supplier.com,+62-812-8978,PROD1484,Product 273,WH33,Medan,26,85.62,90.83,1.51,1.46,457506.03,7,2.5,3.16,1.25,91.25,3.33,562161.68,4.95,Net 30,3013745.1,844,Strategic Partner,9,11.46,4.46,4.47,3.46,0.52,26,2023-12-09,1,"Moderate Cost, Balanced Supplier"
SUP60,Supplier 69,Jakarta,Footwear,Contact 287,supplier83@supplier.com,+62-812-4068,PROD1746,Product 666,WH17,Surabaya,21,81.69,97.22,1.65,1.57,353626.35,7,2.35,3.02,0.84,97.92,3.5,871045.88,3.85,Net 30,3347821.78,735,Transactional,1,12.08,4.88,3.7,4.68,0.58,81,2021-09-20,2,"Low Cost, Efficient Supplier"
SUP5,Supplier 77,Medan,Footwear,Contact 206,supplier52@supplier.com,+62-812-8416,PROD8862,Product 624,WH49,Jakarta,13,88.51,94.63,4.41,3.26,367779.28,3,4.06,4.42,0.94,88.6,4.98,786592.15,6.86,Upfront Payment,1534377.03,672,Preferred Vendor,3,8.9,3.93,4.69,3.88,0.69,64,2022-08-21,2,"Low Cost, Efficient Supplier"
SUP64,Supplier 33,Medan,Sportswear,Contact 341,supplier79@supplier.com,+62-812-6735,PROD9816,Product 587,WH4,Medan,21,82.29,95.7,0.38,3.22,433288.97,1,4.34,3.66,0.1,72.43,3.38,227271.18,9.88,Upfront Payment,4969166.11,647,Preferred Vendor,4,6.59,4.27,3.34,3.44,0.16,74,2020-12-19,0,"High Invoice, High Cost Supplier"
SUP29,Supplier 22,Medan,Accessories,Contact 376,supplier4@supplier.com,+62-812-7811,PROD4624,Product 919,WH44,Bali,2,85.64,93.1,3.97,0.96,439265.6,7,3.02,3.11,1.85,86.8,4.55,964702.99,7.07,Upfront Payment,3423371.9,604,Preferred Vendor,2,7.88,3.42,4.98,4.85,0.12,77,2024-05-18,2,"Low Cost, Efficient Supplier"
SUP15,Supplier 40,Medan,Sportswear,Contact 469,supplier12@supplier.com,+62-812-6006,PROD2183,Product 97,WH8,Bali,14,91.57,96.58,2.32,1.45,414709.13,9,2.74,3.21,1.56,87.58,4.31,172484.8,8.52,Net 30,4628531.07,770,Preferred Vendor,6,14.9,4.29,4.48,4.14,0.4,97,2021-08-16,2,"Low Cost, Efficient Supplier"
SUP63,Supplier 67,Bali,Footwear,Contact 249,supplier89@supplier.com,+62-812-7938,PROD8030,Product 7,WH18,Jakarta,6,82.79,93.36,3.57,1.78,493309.35,7,4.0,3.22,0.64,72.06,4.87,885342.78,14.48,Net 30,1333354.96,641,Transactional,3,11.51,3.05,3.72,3.74,0.95,40,2023-03-12,2,"Low Cost, Efficient Supplier"
SUP28,Supplier 2,Jakarta,Footwear,Contact 376,supplier42@supplier.com,+62-812-4144,PROD6853,Product 374,WH1,Surabaya,1,82.95,94.36,2.52,2.28,376096.31,8,1.39,4.16,1.86,75.59,4.6,997046.86,14.6,Net 30,3104135.92,608,Strategic Partner,0,2.41,3.16,3.96,3.52,0.55,24,2022-12-07,2,"Low Cost, Efficient Supplier"
SUP4,Supplier 63,Medan,Sportswear,Contact 494,supplier57@supplier.com,+62-812-5514,PROD6440,Product 703,WH44,Bali,11,97.48,93.48,4.49,1.33,225413.53,8,1.68,4.42,1.16,80.91,4.0,290406.89,10.27,Upfront Payment,1486174.16,775,Preferred Vendor,1,12.22,4.27,3.96,4.0,0.95,31,2024-02-22,2,"Low Cost, Efficient Supplier"
SUP58,Supplier 14,Bandung,Footwear,Contact 196,supplier10@supplier.com,+62-812-7253,PROD1529,Product 790,WH26,Surabaya,3,88.89,90.7,3.88,3.91,34630.37,7,2.29,3.87,0.48,80.56,4.66,617816.25,12.25,Net 30,4424680.56,646,Transactional,3,5.09,3.82,3.97,4.88,0.99,77,2023-08-04,2,"Low Cost, Efficient Supplier"
SUP39,Supplier 78,Bali,Sportswear,Contact 401,supplier97@supplier.com,+62-812-4355,PROD8889,Product 281,WH35,Surabaya,27,87.77,93.38,4.13,0.67,169820.75,2,3.88,4.24,0.69,96.04,4.9,957557.12,5.24,Net 60,3722406.05,788,Preferred Vendor,1,11.01,4.43,4.25,3.01,0.6,74,2023-06-10,0,"High Invoice, High Cost Supplier"
SUP87,Supplier 76,Bali,Accessories,Contact 418,supplier64@supplier.com,+62-812-9341,PROD6825,Product 468,WH40,Medan,24,82.35,94.85,3.05,1.21,226788.66,8,3.17,4.67,0.22,98.04,4.96,542716.34,6.03,Upfront Payment,4603321.61,753,Strategic Partner,9,12.25,3.26,3.52,3.74,0.89,68,2023-05-08,0,"High Invoice, High Cost Supplier"
SUP83,Supplier 17,Bali,Sportswear,Contact 235,supplier70@supplier.com,+62-812-3639,PROD8109,Product 230,WH43,Bandung,17,95.34,99.26,1.44,4.47,349319.68,2,1.13,3.67,0.7,98.75,3.2,946735.48,9.43,Net 60,3801390.32,628,Transactional,6,13.06,3.95,4.9,4.06,0.05,87,2022-08-12,2,"Low Cost, Efficient Supplier"
SUP47,Supplier 62,Bali,Sportswear,Contact 435,supplier19@supplier.com,+62-812-6671,PROD9547,Product 957,WH50,Surabaya,17,87.72,90.59,4.43,0.76,155170.84,1,4.73,3.5,0.13,94.98,3.94,366669.11,2.05,Net 60,2130307.58,798,Preferred Vendor,10,3.78,3.64,4.18,3.65,0.5,98,2022-01-18,0,"High Invoice, High Cost Supplier"
SUP63,Supplier 86,Surabaya,Accessories,Contact 230,supplier40@supplier.com,+62-812-8135,PROD1077,Product 322,WH19,Medan,15,86.84,98.68,3.24,1.41,124777.57,9,3.91,3.93,1.97,78.29,4.5,170178.28,3.88,Upfront Payment,2707376.04,643,Transactional,4,2.98,4.69,3.69,3.4,0.78,16,2024-07-08,2,"Low Cost, Efficient Supplier"
SUP74,Supplier 85,Medan,Footwear,Contact 213,supplier26@supplier.com,+62-812-1336,PROD5649,Product 274,WH13,Bandung,6,94.23,99.58,4.77,4.83,282900.01,5,2.73,4.19,1.62,83.51,4.24,387179.92,6.71,Net 30,2572091.4,777,Transactional,4,3.9,4.08,4.82,4.14,0.84,51,2023-11-20,2,"Low Cost, Efficient Supplier"
SUP98,Supplier 27,Bali,Footwear,Contact 226,supplier51@supplier.com,+62-812-3368,PROD8651,Product 632,WH27,Jakarta,24,98.75,95.8,2.47,3.83,86671.56,2,3.98,4.32,1.38,78.4,4.37,268777.11,15.0,Net 30,2555866.05,742,Transactional,3,13.86,3.2,4.03,3.86,1.0,65,2024-02-20,2,"Low Cost, Efficient Supplier"
SUP60,Supplier 62,Surabaya,Sportswear,Contact 446,supplier79@supplier.com,+62-812-5842,PROD3168,Product 587,WH40,Bali,21,88.88,92.17,0.61,4.82,261722.55,6,0.39,3.54,1.38,86.61,4.97,378429.17,0.96,Upfront Payment,3600524.54,683,Strategic Partner,8,1.15,3.25,4.26,3.98,0.77,60,2024-01-04,2,"Low Cost, Efficient Supplier"
SUP47,Supplier 9,Bali,Sportswear,Contact 415,supplier19@supplier.com,+62-812-6126,PROD7180,Product 619,WH48,Medan,9,81.91,91.42,4.75,0.96,278248.5,7,3.34,4.94,1.45,79.11,4.32,669280.9,11.27,Upfront Payment,1347973.4,800,Strategic Partner,4,2.17,3.98,4.24,3.0,0.99,69,2021-01-21,0,"High Invoice, High Cost Supplier"
SUP91,Supplier 98,Bandung,Footwear,Contact 37,supplier70@supplier.com,+62-812-2281,PROD4946,Product 572,WH28,Bali,17,80.95,99.16,3.63,4.7,88338.82,10,1.75,4.32,1.09,77.78,3.7,320128.03,5.69,Net 30,4543846.55,687,Transactional,2,3.82,3.18,3.61,3.09,0.56,67,2021-07-14,2,"Low Cost, Efficient Supplier"
SUP14,Supplier 86,Bandung,Footwear,Contact 412,supplier25@supplier.com,+62-812-6534,PROD9316,Product 953,WH27,Bali,1,94.54,97.95,3.22,1.44,237143.5,1,0.04,3.58,0.2,97.47,4.06,282762.1,8.97,Upfront Payment,3082358.33,716,Transactional,5,7.27,3.33,4.11,3.44,0.52,79,2022-12-01,0,"High Invoice, High Cost Supplier"
SUP27,Supplier 12,Bandung,Accessories,Contact 71,supplier47@supplier.com,+62-812-9013,PROD4090,Product 13,WH39,Bandung,11,80.52,98.66,2.97,3.8,128627.27,6,0.65,4.66,1.93,74.57,3.67,572436.22,7.07,Net 30,3220313.6,621,Preferred Vendor,6,7.51,4.07,4.75,3.6,0.22,90,2020-12-21,2,"Low Cost, Efficient Supplier"
SUP39,Supplier 9,Medan,Sportswear,Contact 65,supplier21@supplier.com,+62-812-8457,PROD8676,Product 221,WH17,Jakarta,20,91.64,99.0,3.27,1.53,39634.26,8,1.72,4.79,0.71,76.37,4.58,334667.25,7.79,Upfront Payment,2457089.74,658,Transactional,9,3.04,3.42,3.49,3.59,0.65,10,2024-11-12,1,"Moderate Cost, Balanced Supplier"
SUP70,Supplier 16,Bali,Footwear,Contact 268,supplier82@supplier.com,+62-812-3418,PROD2237,Product 91,WH42,Bali,21,94.99,93.99,0.07,3.09,407549.97,6,1.14,4.53,1.34,75.16,4.4,361898.62,16.43,Upfront Payment,1140278.42,828,Preferred Vendor,6,2.76,4.41,3.53,3.25,0.75,93,2021-05-24,1,"Moderate Cost, Balanced Supplier"
SUP71,Supplier 12,Bandung,Footwear,Contact 307,supplier33@supplier.com,+62-812-5247,PROD5794,Product 464,WH31,Surabaya,15,82.97,98.9,3.13,3.72,57291.16,3,0.59,4.9,1.31,94.56,3.75,256920.3,19.27,Upfront Payment,4755213.58,615,Preferred Vendor,6,12.32,3.65,3.58,3.57,0.5,56,2024-11-15,2,"Low Cost, Efficient Supplier"
SUP90,Supplier 3,Medan,Footwear,Contact 406,supplier64@supplier.com,+62-812-7728,PROD9787,Product 419,WH28,Jakarta,19,86.35,91.74,3.83,4.04,435331.32,2,0.28,3.24,1.91,83.68,4.93,576421.71,18.53,Upfront Payment,2570967.25,638,Strategic Partner,1,8.03,4.68,4.56,3.42,0.14,98,2023-06-19,2,"Low Cost, Efficient Supplier"
SUP16,Supplier 41,Bali,Sportswear,Contact 428,supplier65@supplier.com,+62-812-8587,PROD7802,Product 391,WH15,Surabaya,7,88.98,99.21,1.74,2.59,494666.85,4,1.65,4.31,0.39,72.0,4.92,111542.83,14.6,Net 60,2374526.01,840,Transactional,3,10.5,4.72,4.08,4.87,0.25,32,2023-06-09,0,"High Invoice, High Cost Supplier"
SUP15,Supplier 48,Medan,Footwear,Contact 211,supplier82@supplier.com,+62-812-8194,PROD4949,Product 90,WH35,Surabaya,7,95.29,92.49,2.28,3.02,274538.0,5,0.77,3.74,1.36,73.43,4.42,868729.03,13.45,Upfront Payment,3225771.84,646,Preferred Vendor,4,11.63,4.34,4.07,3.66,0.77,33,2023-08-20,2,"Low Cost, Efficient Supplier"
SUP90,Supplier 10,Bandung,Sportswear,Contact 50,supplier41@supplier.com,+62-812-1453,PROD1572,Product 213,WH40,Bandung,3,95.1,92.52,0.27,4.84,81743.12,2,3.24,4.96,1.5,71.13,4.17,984903.75,2.9,Net 30,942375.86,837,Strategic Partner,2,6.0,4.88,3.82,4.76,0.22,45,2021-02-05,1,"Moderate Cost, Balanced Supplier"
SUP63,Supplier 35,Medan,Accessories,Contact 291,supplier63@supplier.com,+62-812-6703,PROD7161,Product 277,WH2,Surabaya,8,90.09,92.19,3.28,0.57,190096.88,10,0.25,3.03,0.45,87.64,3.63,628559.22,7.78,Net 30,515785.81,771,Transactional,5,11.13,4.06,3.52,3.72,0.35,62,2022-09-12,1,"Moderate Cost, Balanced Supplier"
SUP83,Supplier 69,Bandung,Footwear,Contact 436,supplier37@supplier.com,+62-812-2225,PROD1885,Product 342,WH41,Jakarta,10,97.65,97.82,0.07,4.35,209487.12,10,4.6,4.08,1.96,88.02,4.21,90356.99,12.7,Net 30,1494141.37,766,Preferred Vendor,5,7.19,4.83,4.75,3.92,0.47,70,2024-04-20,1,"Moderate Cost, Balanced Supplier"
SUP100,Supplier 67,Bandung,Accessories,Contact 70,supplier81@supplier.com,+62-812-4665,PROD3190,Product 272,WH46,Surabaya,26,86.3,98.5,2.03,3.11,78805.79,4,0.64,3.33,0.51,76.52,3.78,684807.03,1.29,Net 30,1971934.66,669,Preferred Vendor,4,12.8,3.64,3.23,4.03,0.34,71,2024-08-17,2,"Low Cost, Efficient Supplier"
SUP44,Supplier 93,Surabaya,Footwear,Contact 252,supplier4@supplier.com,+62-812-9353,PROD2110,Product 500,WH22,Bandung,11,85.76,92.44,1.35,3.28,136185.22,4,0.69,3.9,0.25,75.61,3.35,358737.6,19.47,Upfront Payment,4076858.84,764,Strategic Partner,9,8.45,3.72,3.72,3.96,0.55,58,2022-02-01,0,"High Invoice, High Cost Supplier"
SUP8,Supplier 65,Medan,Sportswear,Contact 40,supplier17@supplier.com,+62-812-4641,PROD1135,Product 106,WH38,Surabaya,19,92.21,95.29,0.42,4.79,226604.95,6,3.09,4.25,1.91,91.75,3.71,390438.26,8.7,Upfront Payment,883415.78,720,Strategic Partner,8,7.63,4.59,4.63,4.4,0.14,70,2023-09-06,1,"Moderate Cost, Balanced Supplier"
SUP71,Supplier 17,Jakarta,Sportswear,Contact 333,supplier23@supplier.com,+62-812-3078,PROD2428,Product 25,WH7,Bali,27,90.93,90.46,2.59,2.4,286815.49,7,4.13,4.25,1.14,86.57,3.84,612217.26,0.6,Net 60,1203258.05,801,Strategic Partner,5,4.52,4.35,4.4,3.43,0.93,56,2021-07-17,1,"Moderate Cost, Balanced Supplier"
SUP55,Supplier 52,Medan,Sportswear,Contact 343,supplier63@supplier.com,+62-812-4979,PROD2484,Product 64,WH8,Surabaya,14,87.76,90.97,2.74,0.83,478992.55,5,1.97,3.07,0.13,99.48,3.72,881082.23,11.53,Net 60,3285985.9,691,Preferred Vendor,8,2.8,3.78,4.16,3.01,0.55,15,2021-02-07,0,"High Invoice, High Cost Supplier"
SUP42,Supplier 72,Bali,Accessories,Contact 74,supplier53@supplier.com,+62-812-1621,PROD1595,Product 756,WH8,Bandung,29,95.1,91.36,2.19,2.43,187525.21,1,3.63,3.75,1.2,77.26,3.77,304186.99,13.17,Upfront Payment,1564181.1,729,Strategic Partner,1,14.81,3.44,4.05,3.47,0.63,15,2021-11-06,2,"Low Cost, Efficient Supplier"
SUP88,Supplier 91,Jakarta,Accessories,Contact 174,supplier6@supplier.com,+62-812-2330,PROD3852,Product 753,WH40,Jakarta,13,90.39,95.76,0.97,3.96,383020.24,3,0.19,4.49,1.6,99.2,4.06,482647.47,0.0,Net 30,3335293.23,826,Preferred Vendor,6,3.11,3.89,4.96,4.53,0.01,82,2020-04-09,1,"Moderate Cost, Balanced Supplier"
SUP4,Supplier 61,Jakarta,Sportswear,Contact 14,supplier51@supplier.com,+62-812-4692,PROD6201,Product 449,WH16,Medan,6,94.75,90.31,1.85,2.58,67071.16,8,3.58,3.03,1.73,80.3,4.54,552049.05,2.37,Net 60,558662.62,615,Transactional,1,6.47,3.79,4.57,4.33,0.8,89,2022-04-01,2,"Low Cost, Efficient Supplier"
SUP21,Supplier 87,Medan,Sportswear,Contact 323,supplier21@supplier.com,+62-812-1043,PROD5265,Product 599,WH20,Bandung,17,99.35,98.67,2.04,0.83,80692.07,8,1.63,4.45,0.06,94.52,4.99,56262.19,1.35,Net 30,1897497.81,813,Transactional,8,11.79,3.62,4.61,4.85,0.1,31,2023-05-01,2,"Low Cost, Efficient Supplier"
SUP22,Supplier 21,Bali,Footwear,Contact 251,supplier67@supplier.com,+62-812-5295,PROD2248,Product 801,WH2,Medan,14,84.61,93.9,3.39,2.94,23411.2,5,2.5,4.83,1.93,88.42,3.75,593077.14,7.87,Net 30,1546658.84,776,Strategic Partner,0,14.33,3.07,4.58,3.94,0.95,61,2020-01-06,2,"Low Cost, Efficient Supplier"
SUP99,Supplier 43,Medan,Accessories,Contact 388,supplier63@supplier.com,+62-812-1574,PROD2967,Product 445,WH24,Bandung,18,92.71,92.37,0.07,3.73,13375.53,7,2.5,3.38,1.4,89.85,3.73,959775.46,5.23,Net 60,2131578.18,702,Strategic Partner,2,5.22,3.75,3.07,4.7,0.73,20,2024-09-07,1,"Moderate Cost, Balanced Supplier"
SUP65,Supplier 16,Bali,Footwear,Contact 351,supplier49@supplier.com,+62-812-7336,PROD3707,Product 416,WH49,Surabaya,26,98.18,92.41,2.85,2.27,483403.67,7,3.72,4.38,1.42,70.41,4.29,301475.22,11.73,Upfront Payment,698489.08,665,Preferred Vendor,5,4.22,4.8,4.45,3.33,0.03,71,2024-06-12,1,"Moderate Cost, Balanced Supplier"
SUP25,Supplier 20,Medan,Accessories,Contact 370,supplier98@supplier.com,+62-812-6487,PROD5470,Product 220,WH43,Medan,22,92.55,93.0,3.95,3.67,57801.95,9,3.46,3.98,1.66,86.06,4.54,192292.92,0.43,Net 60,2426050.09,715,Transactional,1,9.78,3.65,4.2,3.29,0.61,84,2023-10-07,2,"Low Cost, Efficient Supplier"
SUP9,Supplier 14,Bali,Accessories,Contact 256,supplier82@supplier.com,+62-812-8677,PROD5447,Product 115,WH13,Surabaya,21,92.18,90.41,3.32,0.76,115057.28,7,0.71,3.95,0.45,82.33,4.16,309432.26,13.41,Net 60,1007596.84,793,Preferred Vendor,2,4.81,4.81,5.0,4.36,0.85,54,2021-05-10,2,"Low Cost, Efficient Supplier"
SUP32,Supplier 77,Bandung,Accessories,Contact 25,supplier94@supplier.com,+62-812-8488,PROD1470,Product 872,WH15,Surabaya,16,95.8,98.46,0.63,4.07,212384.87,2,1.0,4.3,0.47,92.73,3.81,80850.7,13.45,Net 60,4263402.69,680,Transactional,10,14.45,3.06,4.24,3.62,0.7,61,2020-03-23,2,"Low Cost, Efficient Supplier"
SUP100,Supplier 40,Medan,Accessories,Contact 159,supplier59@supplier.com,+62-812-9586,PROD9273,Product 184,WH27,Jakarta,27,81.39,92.09,2.62,0.61,141618.27,8,0.75,3.83,0.97,83.64,4.9,817212.1,18.4,Net 30,3589888.16,758,Preferred Vendor,9,2.53,4.87,4.72,4.3,0.1,50,2022-07-15,0,"High Invoice, High Cost Supplier"
SUP42,Supplier 61,Surabaya,Sportswear,Contact 189,supplier25@supplier.com,+62-812-7371,PROD7275,Product 628,WH28,Surabaya,3,94.6,91.7,2.44,2.18,229365.48,7,1.76,4.09,0.11,96.02,3.27,483864.69,4.86,Upfront Payment,3291964.45,600,Preferred Vendor,6,2.4,4.36,3.06,3.01,0.4,8,2020-02-02,1,"Moderate Cost, Balanced Supplier"
SUP32,Supplier 23,Medan,Sportswear,Contact 479,supplier53@supplier.com,+62-812-7433,PROD7927,Product 581,WH26,Surabaya,30,80.14,90.86,0.18,1.37,32898.6,4,3.22,4.26,1.36,71.86,3.46,935387.7,1.42,Upfront Payment,4908976.35,723,Preferred Vendor,5,8.49,4.87,3.48,3.99,0.85,29,2021-03-22,2,"Low Cost, Efficient Supplier"
SUP1,Supplier 64,Surabaya,Sportswear,Contact 255,supplier73@supplier.com,+62-812-8899,PROD6030,Product 509,WH38,Medan,1,93.48,99.39,1.85,1.8,316339.59,4,2.46,4.04,0.34,75.79,4.5,427226.13,17.62,Upfront Payment,2937598.32,766,Strategic Partner,6,9.55,3.74,4.92,3.61,0.85,40,2023-10-31,0,"High Invoice, High Cost Supplier"
SUP26,Supplier 60,Bandung,Sportswear,Contact 297,supplier70@supplier.com,+62-812-6434,PROD6488,Product 850,WH48,Bali,6,94.49,97.15,1.11,3.9,444590.13,3,4.02,4.14,0.19,71.07,4.68,787627.56,13.38,Net 60,3335786.49,844,Transactional,8,8.48,3.17,3.68,3.88,0.44,81,2022-01-12,0,"High Invoice, High Cost Supplier"
SUP33,Supplier 49,Surabaya,Sportswear,Contact 279,supplier77@supplier.com,+62-812-6017,PROD5589,Product 805,WH4,Surabaya,27,95.96,90.38,4.48,4.3,120964.52,7,4.74,4.82,1.42,91.37,3.81,219816.96,13.3,Upfront Payment,4068627.08,704,Preferred Vendor,0,6.46,3.05,3.33,3.84,0.94,67,2021-04-17,2,"Low Cost, Efficient Supplier"
SUP60,Supplier 5,Surabaya,Footwear,Contact 255,supplier5@supplier.com,+62-812-4313,PROD4353,Product 966,WH13,Medan,1,93.89,91.46,0.12,3.81,115249.54,10,1.44,3.6,0.27,97.61,4.55,602287.39,16.21,Net 30,3193913.79,613,Transactional,6,7.6,4.49,3.35,3.24,0.62,44,2023-09-04,1,"Moderate Cost, Balanced Supplier"
SUP88,Supplier 13,Jakarta,Footwear,Contact 497,supplier46@supplier.com,+62-812-9859,PROD4097,Product 933,WH21,Bandung,9,80.21,90.98,3.66,3.83,444240.13,2,1.34,4.51,0.12,79.98,3.77,122399.12,3.65,Net 60,4751431.96,695,Strategic Partner,10,1.6,3.13,3.45,4.0,0.89,66,2022-01-06,0,"High Invoice, High Cost Supplier"
SUP83,Supplier 98,Medan,Sportswear,Contact 33,supplier48@supplier.com,+62-812-9242,PROD3887,Product 401,WH6,Bali,19,92.31,95.53,2.68,1.98,317979.0,9,2.9,3.06,1.7,80.92,4.36,332720.76,2.38,Net 30,4495647.23,821,Strategic Partner,2,8.79,3.27,4.31,3.78,0.45,96,2021-10-23,2,"Low Cost, Efficient Supplier"
SUP31,Supplier 91,Surabaya,Accessories,Contact 11,supplier29@supplier.com,+62-812-7618,PROD1074,Product 887,WH47,Jakarta,24,91.3,95.04,0.46,3.63,411936.03,5,0.45,4.62,0.15,73.48,4.02,935834.33,8.15,Net 30,1452245.91,834,Preferred Vendor,4,2.55,4.47,3.03,4.0,0.57,33,2024-05-22,1,"Moderate Cost, Balanced Supplier"
SUP16,Supplier 80,Bandung,Accessories,Contact 390,supplier40@supplier.com,+62-812-1433,PROD7966,Product 741,WH21,Medan,20,91.73,98.36,1.72,4.72,221874.2,3,0.6,3.59,0.88,81.85,4.94,686959.45,5.71,Net 30,1199562.18,806,Strategic Partner,1,9.41,3.14,4.61,4.13,0.63,53,2024-02-13,2,"Low Cost, Efficient Supplier"
SUP89,Supplier 13,Bandung,Sportswear,Contact 413,supplier87@supplier.com,+62-812-9333,PROD8075,Product 105,WH38,Medan,21,87.86,96.46,3.5,1.73,178467.68,10,3.89,4.55,1.87,97.84,4.31,790517.33,2.13,Net 60,2207594.65,615,Strategic Partner,6,7.82,3.66,3.64,4.04,0.75,36,2021-05-29,2,"Low Cost, Efficient Supplier"
SUP78,Supplier 86,Bandung,Footwear,Contact 25,supplier43@supplier.com,+62-812-1238,PROD4196,Product 746,WH14,Bandung,5,97.99,96.88,4.78,2.06,22017.9,1,3.3,4.7,1.64,84.25,4.07,607367.9,3.22,Net 60,1006010.07,609,Transactional,1,14.27,4.09,4.83,3.11,0.19,29,2020-08-23,2,"Low Cost, Efficient Supplier"
SUP13,Supplier 54,Surabaya,Sportswear,Contact 298,supplier44@supplier.com,+62-812-9695,PROD3060,Product 785,WH31,Jakarta,16,80.67,92.01,1.58,3.57,261673.77,9,1.36,4.52,1.38,94.66,3.21,904198.51,0.18,Net 30,616072.58,698,Transactional,3,6.49,4.16,3.57,3.19,0.15,40,2023-05-01,1,"Moderate Cost, Balanced Supplier"
SUP48,Supplier 13,Jakarta,Sportswear,Contact 164,supplier74@supplier.com,+62-812-7660,PROD9055,Product 305,WH6,Surabaya,28,82.99,96.44,2.82,1.38,315620.43,2,3.11,4.34,1.86,72.74,3.86,444055.26,4.48,Net 60,4328835.78,675,Preferred Vendor,0,9.39,3.1,4.68,3.5,0.69,68,2024-05-27,2,"Low Cost, Efficient Supplier"
SUP24,Supplier 54,Surabaya,Footwear,Contact 431,supplier14@supplier.com,+62-812-3493,PROD5499,Product 30,WH18,Bali,21,81.72,94.05,4.27,3.15,17804.1,2,3.85,3.91,1.0,73.89,3.99,127977.95,3.29,Net 30,4539113.49,841,Strategic Partner,8,10.91,4.28,4.92,3.71,0.07,56,2021-04-30,0,"High Invoice, High Cost Supplier"
SUP30,Supplier 16,Surabaya,Footwear,Contact 399,supplier81@supplier.com,+62-812-3455,PROD6054,Product 358,WH4,Surabaya,25,85.23,92.35,2.55,2.82,335461.21,8,2.14,4.36,1.44,83.5,4.43,746502.51,13.54,Net 30,4096947.21,722,Strategic Partner,1,4.67,4.89,3.42,4.72,0.82,68,2023-11-08,2,"Low Cost, Efficient Supplier"
SUP54,Supplier 57,Jakarta,Footwear,Contact 69,supplier44@supplier.com,+62-812-9723,PROD4991,Product 906,WH35,Jakarta,18,88.48,92.76,4.08,4.0,292583.5,6,4.11,4.36,1.56,79.27,3.51,388065.09,17.59,Net 30,4904124.07,615,Preferred Vendor,6,13.32,4.49,3.08,4.98,0.75,46,2022-04-08,2,"Low Cost, Efficient Supplier"
SUP21,Supplier 69,Bandung,Accessories,Contact 31,supplier86@supplier.com,+62-812-9264,PROD3951,Product 899,WH6,Medan,25,98.21,93.59,0.9,1.67,280843.77,3,2.32,4.96,0.06,70.98,4.32,574862.59,12.92,Net 60,1910257.18,627,Preferred Vendor,2,1.29,3.91,4.89,3.72,0.55,70,2023-11-01,2,"Low Cost, Efficient Supplier"
SUP58,Supplier 76,Surabaya,Sportswear,Contact 309,supplier33@supplier.com,+62-812-1397,PROD9522,Product 781,WH44,Bali,5,97.04,94.67,3.59,1.03,383339.91,5,1.66,3.83,2.0,96.72,4.36,134456.07,16.76,Upfront Payment,2256467.16,783,Strategic Partner,2,5.91,3.27,3.18,4.43,0.38,18,2020-09-01,1,"Moderate Cost, Balanced Supplier"
SUP27,Supplier 20,Medan,Footwear,Contact 127,supplier82@supplier.com,+62-812-8653,PROD9249,Product 491,WH21,Bali,15,90.93,94.77,2.41,1.99,235096.53,8,1.66,4.03,0.94,91.17,4.48,194327.09,7.62,Net 30,2276741.64,848,Preferred Vendor,7,1.83,4.68,3.52,3.95,0.41,22,2022-08-06,1,"Moderate Cost, Balanced Supplier"
SUP71,Supplier 62,Surabaya,Accessories,Contact 376,supplier17@supplier.com,+62-812-7184,PROD8196,Product 779,WH7,Bandung,5,82.38,93.4,4.64,1.97,443191.17,8,0.97,3.39,1.8,70.89,4.27,608759.04,15.78,Net 60,3312371.96,624,Preferred Vendor,10,11.25,4.41,3.29,4.29,0.77,39,2023-11-26,0,"High Invoice, High Cost Supplier"
SUP37,Supplier 45,Bali,Footwear,Contact 482,supplier7@supplier.com,+62-812-2063,PROD1934,Product 683,WH50,Bandung,30,97.64,91.89,4.95,3.68,374010.3,2,3.82,3.38,1.62,90.59,4.03,191834.91,7.69,Net 30,2469576.86,776,Preferred Vendor,4,10.12,4.79,4.78,3.67,0.17,63,2024-03-10,2,"Low Cost, Efficient Supplier"
SUP52,Supplier 90,Jakarta,Footwear,Contact 62,supplier23@supplier.com,+62-812-9574,PROD9011,Product 89,WH20,Jakarta,30,99.02,94.36,1.28,4.19,304719.31,10,1.32,4.52,0.77,90.9,3.71,185752.01,8.62,Upfront Payment,4712928.15,770,Strategic Partner,3,4.23,4.06,3.85,4.39,0.27,31,2021-11-12,1,"Moderate Cost, Balanced Supplier"
SUP75,Supplier 55,Jakarta,Accessories,Contact 69,supplier86@supplier.com,+62-812-3166,PROD5944,Product 529,WH31,Jakarta,21,99.17,95.9,3.64,0.55,96726.48,2,1.11,4.64,1.01,72.31,3.48,185502.24,14.31,Net 30,2016405.36,654,Strategic Partner,0,13.7,4.05,3.48,4.02,0.24,64,2023-09-19,2,"Low Cost, Efficient Supplier"
SUP70,Supplier 73,Surabaya,Footwear,Contact 159,supplier48@supplier.com,+62-812-7063,PROD6967,Product 879,WH11,Surabaya,7,95.37,98.54,4.23,1.48,281167.15,5,1.52,4.14,0.49,88.68,4.22,322930.98,14.9,Net 60,1384134.62,751,Preferred Vendor,10,3.56,3.72,3.83,4.88,0.93,75,2024-07-29,0,"High Invoice, High Cost Supplier"
SUP68,Supplier 26,Surabaya,Footwear,Contact 352,supplier53@supplier.com,+62-812-7443,PROD8852,Product 839,WH24,Bali,5,99.87,91.54,3.58,1.43,387169.21,3,0.74,4.48,1.83,82.62,4.73,916552.85,12.71,Upfront Payment,1427293.31,787,Strategic Partner,7,9.97,4.78,3.47,4.9,0.19,55,2021-02-04,1,"Moderate Cost, Balanced Supplier"
SUP97,Supplier 14,Medan,Accessories,Contact 121,supplier93@supplier.com,+62-812-7492,PROD2949,Product 749,WH9,Jakarta,7,97.11,92.61,4.1,2.39,443788.42,2,3.48,4.83,1.86,76.87,4.32,167766.81,9.28,Net 60,4364458.01,681,Preferred Vendor,4,8.3,4.63,4.12,3.68,0.07,82,2021-12-14,0,"High Invoice, High Cost Supplier"
SUP74,Supplier 76,Bali,Accessories,Contact 291,supplier39@supplier.com,+62-812-2101,PROD2302,Product 367,WH2,Jakarta,20,90.75,97.81,3.39,2.95,489481.08,9,0.04,4.5,1.93,88.38,4.14,905164.48,17.53,Upfront Payment,4914909.67,645,Strategic Partner,7,1.97,4.29,4.17,3.48,0.7,6,2021-10-14,1,"Moderate Cost, Balanced Supplier"
SUP97,Supplier 28,Surabaya,Sportswear,Contact 171,supplier79@supplier.com,+62-812-9663,PROD1571,Product 757,WH43,Bandung,14,98.39,92.21,0.8,1.45,39616.05,10,1.26,4.46,0.68,87.98,4.72,806220.64,13.15,Net 30,3188208.45,718,Preferred Vendor,9,12.16,4.37,4.33,3.06,0.8,79,2024-09-09,1,"Moderate Cost, Balanced Supplier"
SUP84,Supplier 22,Bandung,Sportswear,Contact 348,supplier80@supplier.com,+62-812-9351,PROD8597,Product 210,WH13,Surabaya,26,99.4,98.74,2.93,0.64,10499.92,7,1.87,4.12,0.36,87.74,3.61,377908.81,6.68,Net 60,1670886.44,642,Transactional,5,11.37,4.7,4.1,4.32,0.14,66,2022-11-19,2,"Low Cost, Efficient Supplier"
SUP83,Supplier 38,Bali,Accessories,Contact 56,supplier36@supplier.com,+62-812-7422,PROD4633,Product 399,WH30,Bali,1,87.63,99.89,3.82,3.85,292010.14,5,0.15,3.8,0.19,81.29,3.4,664179.27,2.49,Upfront Payment,613344.44,740,Preferred Vendor,1,6.9,3.68,4.34,4.32,0.37,32,2021-07-28,2,"Low Cost, Efficient Supplier"
SUP13,Supplier 75,Medan,Sportswear,Contact 303,supplier55@supplier.com,+62-812-5493,PROD6904,Product 775,WH4,Surabaya,6,98.23,99.99,4.16,4.67,264811.92,7,3.67,4.9,0.54,93.13,3.5,276099.18,10.31,Net 30,3061822.75,742,Preferred Vendor,0,8.23,3.33,3.65,4.51,0.97,100,2021-06-09,2,"Low Cost, Efficient Supplier"
SUP32,Supplier 11,Surabaya,Footwear,Contact 290,supplier91@supplier.com,+62-812-5238,PROD9546,Product 902,WH2,Jakarta,15,98.51,95.61,1.95,2.93,78832.49,3,0.01,4.66,1.14,99.9,4.78,838532.18,19.55,Upfront Payment,4052148.0,643,Transactional,2,9.03,4.11,3.02,3.91,0.18,41,2022-10-14,1,"Moderate Cost, Balanced Supplier"
SUP17,Supplier 42,Medan,Sportswear,Contact 61,supplier85@supplier.com,+62-812-2575,PROD9938,Product 143,WH46,Surabaya,15,87.92,93.67,1.2,4.27,197709.78,2,2.48,4.67,0.35,99.66,3.66,942110.19,12.12,Net 60,2902948.36,804,Strategic Partner,4,4.68,3.43,3.03,3.57,0.79,70,2021-05-30,1,"Moderate Cost, Balanced Supplier"
SUP37,Supplier 37,Bali,Footwear,Contact 399,supplier39@supplier.com,+62-812-7766,PROD9054,Product 576,WH42,Bandung,18,99.81,99.23,4.06,2.75,307575.41,1,3.09,4.76,0.39,77.32,4.76,348278.85,8.2,Net 30,3618055.79,631,Transactional,6,9.4,4.3,3.81,4.91,0.63,59,2023-12-26,2,"Low Cost, Efficient Supplier"
SUP70,Supplier 19,Medan,Footwear,Contact 147,supplier66@supplier.com,+62-812-8860,PROD9069,Product 68,WH39,Bali,28,88.46,92.55,4.26,1.16,34003.52,10,3.03,4.68,0.74,74.24,3.71,157196.45,17.52,Upfront Payment,1476556.72,636,Transactional,3,3.51,3.49,3.73,4.28,0.37,56,2024-07-16,2,"Low Cost, Efficient Supplier"
SUP22,Supplier 31,Surabaya,Footwear,Contact 79,supplier62@supplier.com,+62-812-9257,PROD2963,Product 328,WH23,Bali,9,80.7,97.93,3.43,1.68,297116.8,7,4.35,3.8,0.13,97.1,4.6,687030.24,6.3,Upfront Payment,2645807.38,726,Transactional,7,1.6,4.58,3.38,3.15,0.07,52,2022-01-22,0,"High Invoice, High Cost Supplier"
SUP88,Supplier 37,Jakarta,Footwear,Contact 99,supplier7@supplier.com,+62-812-3934,PROD1904,Product 903,WH1,Bali,4,90.58,99.78,4.84,2.86,167969.29,4,1.84,3.47,0.57,83.84,4.9,163654.43,6.72,Net 30,1950340.99,721,Preferred Vendor,5,7.59,4.55,4.99,4.8,0.88,25,2022-09-26,2,"Low Cost, Efficient Supplier"
SUP9,Supplier 89,Surabaya,Footwear,Contact 127,supplier81@supplier.com,+62-812-8122,PROD6454,Product 45,WH9,Surabaya,7,96.26,96.72,1.69,2.86,142493.82,2,4.42,3.52,0.04,97.14,4.72,73806.6,6.01,Net 60,588407.38,848,Transactional,5,3.75,4.39,4.27,3.86,0.51,75,2020-03-07,0,"High Invoice, High Cost Supplier"
SUP91,Supplier 72,Bali,Accessories,Contact 58,supplier21@supplier.com,+62-812-9371,PROD1714,Product 548,WH19,Bali,13,91.29,97.2,0.95,4.69,124883.25,10,4.38,4.84,1.38,97.67,3.17,831255.58,13.93,Net 30,4293991.49,844,Transactional,0,9.88,4.82,4.34,3.34,0.36,71,2024-06-03,1,"Moderate Cost, Balanced Supplier"
SUP72,Supplier 100,Jakarta,Footwear,Contact 131,supplier29@supplier.com,+62-812-7984,PROD9898,Product 470,WH6,Surabaya,2,84.39,91.88,2.34,3.46,133845.34,3,2.59,3.4,1.38,79.12,3.96,978924.1,1.43,Upfront Payment,3782723.72,843,Strategic Partner,10,11.3,3.77,3.16,3.54,0.97,96,2020-07-18,0,"High Invoice, High Cost Supplier"
SUP89,Supplier 91,Medan,Sportswear,Contact 285,supplier29@supplier.com,+62-812-9854,PROD3386,Product 975,WH46,Jakarta,29,89.81,94.16,1.24,4.6,268685.21,9,3.51,3.77,1.7,87.2,4.68,745329.86,8.29,Net 30,3791664.25,778,Transactional,4,12.55,3.88,4.68,4.16,0.59,95,2020-10-30,2,"Low Cost, Efficient Supplier"
SUP100,Supplier 53,Surabaya,Accessories,Contact 126,supplier80@supplier.com,+62-812-9541,PROD2522,Product 264,WH19,Surabaya,20,85.3,90.63,0.57,0.71,293681.1,5,0.65,3.07,0.31,86.56,3.19,932536.22,3.87,Net 60,4425995.87,711,Preferred Vendor,1,11.38,4.55,4.29,4.09,0.94,23,2023-02-11,2,"Low Cost, Efficient Supplier"
SUP33,Supplier 47,Jakarta,Footwear,Contact 467,supplier33@supplier.com,+62-812-2174,PROD8333,Product 819,WH9,Bandung,28,83.02,94.82,0.39,3.98,30810.34,8,4.32,3.13,0.75,95.47,4.91,302303.17,10.41,Net 30,1072910.96,651,Transactional,1,14.39,3.97,3.45,4.46,0.2,62,2021-08-02,2,"Low Cost, Efficient Supplier"
SUP67,Supplier 74,Bandung,Sportswear,Contact 262,supplier53@supplier.com,+62-812-9563,PROD3243,Product 659,WH9,Medan,22,91.04,99.92,4.32,4.13,304753.25,5,0.14,3.95,0.96,71.04,3.38,845159.03,3.21,Net 60,4441445.78,714,Preferred Vendor,1,2.9,4.16,3.9,4.34,0.63,75,2023-01-16,2,"Low Cost, Efficient Supplier"
SUP10,Supplier 9,Surabaya,Footwear,Contact 326,supplier83@supplier.com,+62-812-1551,PROD1300,Product 668,WH27,Bali,26,97.11,93.65,0.92,4.47,104175.32,6,0.2,3.45,0.96,99.26,4.41,428554.15,1.11,Net 30,1384296.35,610,Transactional,2,1.52,3.03,4.47,3.03,0.54,33,2021-08-25,1,"Moderate Cost, Balanced Supplier"
SUP77,Supplier 48,Jakarta,Footwear,Contact 308,supplier33@supplier.com,+62-812-3601,PROD2565,Product 485,WH8,Surabaya,7,84.3,91.32,0.31,1.27,314732.73,1,0.39,3.87,1.18,92.77,3.05,239245.88,19.64,Upfront Payment,3766460.41,807,Strategic Partner,5,13.98,4.25,3.56,3.83,0.4,94,2022-08-19,0,"High Invoice, High Cost Supplier"
SUP8,Supplier 9,Medan,Sportswear,Contact 381,supplier63@supplier.com,+62-812-5257,PROD3933,Product 223,WH47,Surabaya,5,99.62,92.56,0.77,4.55,148990.31,4,2.82,4.27,0.18,72.81,4.65,644617.58,12.02,Upfront Payment,4060175.4,697,Transactional,10,14.64,4.69,4.1,3.59,0.89,17,2022-01-09,1,"Moderate Cost, Balanced Supplier"
SUP22,Supplier 79,Surabaya,Footwear,Contact 298,supplier62@supplier.com,+62-812-3630,PROD4863,Product 890,WH29,Medan,13,90.18,90.91,4.03,1.84,78154.27,2,0.42,3.9,1.95,85.64,4.48,906209.57,15.38,Net 30,4845688.86,815,Transactional,8,1.83,4.5,4.88,3.78,1.0,79,2021-04-01,0,"High Invoice, High Cost Supplier"
SUP99,Supplier 7,Bandung,Sportswear,Contact 163,supplier7@supplier.com,+62-812-7047,PROD4993,Product 928,WH19,Medan,13,81.36,98.97,1.85,2.89,99440.98,2,0.82,3.57,0.38,91.59,3.99,440634.79,2.73,Net 60,3053044.39,693,Strategic Partner,9,8.75,4.79,4.71,3.63,0.89,95,2023-08-03,0,"High Invoice, High Cost Supplier"
SUP36,Supplier 22,Bali,Sportswear,Contact 481,supplier29@supplier.com,+62-812-8839,PROD8140,Product 972,WH37,Bali,4,88.3,97.31,1.53,1.17,439093.17,4,0.83,4.3,1.57,89.66,3.31,404310.77,10.13,Net 60,3620955.4,723,Transactional,0,12.13,4.91,4.01,4.06,0.93,86,2022-06-11,2,"Low Cost, Efficient Supplier"
SUP8,Supplier 60,Medan,Footwear,Contact 271,supplier89@supplier.com,+62-812-7709,PROD5915,Product 539,WH25,Medan,5,87.24,93.45,2.47,3.35,488403.83,9,3.78,4.53,1.11,84.96,4.0,966257.95,14.23,Net 30,792513.74,841,Preferred Vendor,8,9.2,3.14,4.3,4.84,0.61,74,2020-12-26,1,"Moderate Cost, Balanced Supplier"
SUP38,Supplier 70,Surabaya,Sportswear,Contact 256,supplier64@supplier.com,+62-812-8235,PROD9550,Product 592,WH29,Bandung,4,97.43,93.21,1.46,1.29,392365.33,5,0.32,3.53,1.01,94.9,3.48,958123.58,13.46,Net 60,1369549.42,850,Preferred Vendor,8,11.27,3.57,3.1,3.4,0.2,83,2021-09-18,1,"Moderate Cost, Balanced Supplier"
SUP31,Supplier 42,Jakarta,Footwear,Contact 412,supplier99@supplier.com,+62-812-5916,PROD1594,Product 205,WH7,Bali,15,94.74,94.53,0.17,4.29,202363.62,9,2.77,4.81,1.17,96.15,3.23,556348.52,6.74,Net 60,2200610.2,755,Transactional,10,5.53,4.04,3.6,4.14,0.62,47,2024-07-26,1,"Moderate Cost, Balanced Supplier"
SUP3,Supplier 100,Bali,Footwear,Contact 334,supplier25@supplier.com,+62-812-4718,PROD6514,Product 448,WH12,Surabaya,4,89.92,99.24,1.17,3.07,173477.69,2,3.47,3.73,1.27,97.86,4.46,136854.04,0.92,Net 60,4907947.84,747,Transactional,2,9.83,4.95,4.91,4.39,0.23,37,2024-09-04,2,"Low Cost, Efficient Supplier"
SUP90,Supplier 7,Jakarta,Sportswear,Contact 325,supplier31@supplier.com,+62-812-4314,PROD1813,Product 425,WH23,Bandung,26,82.81,96.18,2.6,1.52,467139.85,9,3.49,3.86,1.86,96.46,3.81,886881.82,6.86,Upfront Payment,3410860.61,646,Strategic Partner,4,14.88,3.86,4.57,3.98,0.95,53,2020-12-17,2,"Low Cost, Efficient Supplier"
SUP68,Supplier 88,Bali,Accessories,Contact 261,supplier57@supplier.com,+62-812-2500,PROD7111,Product 386,WH26,Surabaya,11,90.74,90.71,4.81,3.71,238813.22,5,2.74,3.46,0.95,91.1,4.53,803575.09,0.44,Upfront Payment,1436810.38,624,Preferred Vendor,8,3.96,3.29,4.55,3.84,0.08,54,2023-11-11,2,"Low Cost, Efficient Supplier"
SUP45,Supplier 7,Bali,Footwear,Contact 479,supplier43@supplier.com,+62-812-1742,PROD2851,Product 712,WH37,Bali,28,97.97,99.54,2.85,1.23,213131.48,6,0.9,3.25,1.95,81.71,3.89,481762.88,13.67,Net 30,4362199.55,608,Preferred Vendor,6,11.29,4.98,3.66,3.88,0.21,6,2022-01-26,2,"Low Cost, Efficient Supplier"
SUP55,Supplier 6,Bandung,Footwear,Contact 437,supplier5@supplier.com,+62-812-1598,PROD8365,Product 274,WH32,Medan,13,83.4,92.43,3.41,3.97,351447.41,2,0.98,4.94,1.71,84.29,3.6,820481.6,12.65,Net 30,1773836.3,733,Transactional,6,8.69,4.13,3.14,4.14,0.1,50,2023-11-22,1,"Moderate Cost, Balanced Supplier"
SUP68,Supplier 58,Bandung,Footwear,Contact 207,supplier46@supplier.com,+62-812-3109,PROD4137,Product 957,WH18,Medan,6,97.62,93.9,0.01,4.19,334357.3,8,2.75,3.57,1.9,89.1,4.63,364427.14,3.88,Upfront Payment,1166443.89,693,Transactional,1,12.49,4.62,3.15,3.39,0.6,20,2024-07-22,1,"Moderate Cost, Balanced Supplier"
SUP4,Supplier 55,Bali,Accessories,Contact 450,supplier3@supplier.com,+62-812-9588,PROD6201,Product 223,WH23,Bali,20,91.05,99.82,1.18,1.42,278201.21,1,4.14,4.84,0.67,94.64,4.99,740189.33,18.73,Upfront Payment,2162746.8,703,Preferred Vendor,10,4.5,4.09,4.75,3.4,0.27,61,2020-11-05,0,"High Invoice, High Cost Supplier"
SUP87,Supplier 82,Jakarta,Sportswear,Contact 171,supplier6@supplier.com,+62-812-3323,PROD6357,Product 951,WH2,Jakarta,7,89.93,92.76,0.54,3.52,322725.74,2,4.61,3.46,0.1,71.25,4.71,895827.26,3.07,Net 60,2011625.64,680,Transactional,6,11.86,4.54,4.31,3.82,0.14,50,2020-02-06,2,"Low Cost, Efficient Supplier"
SUP67,Supplier 17,Jakarta,Footwear,Contact 389,supplier42@supplier.com,+62-812-8196,PROD5074,Product 321,WH50,Bandung,17,96.94,95.59,3.56,1.72,341736.2,4,1.4,3.21,0.56,72.17,3.76,509737.28,10.77,Net 30,3880890.64,826,Transactional,7,6.73,4.13,4.09,4.35,0.36,97,2021-06-05,0,"High Invoice, High Cost Supplier"
SUP13,Supplier 55,Bandung,Accessories,Contact 355,supplier79@supplier.com,+62-812-2319,PROD7102,Product 785,WH5,Bali,10,87.05,95.56,0.25,2.87,128427.37,10,3.89,4.63,0.76,92.88,3.27,303565.1,18.98,Net 60,3538038.48,735,Strategic Partner,1,13.59,3.03,3.87,5.0,0.97,53,2023-09-29,2,"Low Cost, Efficient Supplier"
SUP20,Supplier 31,Medan,Accessories,Contact 305,supplier7@supplier.com,+62-812-5581,PROD5980,Product 949,WH40,Bandung,18,80.58,95.38,4.73,2.06,307254.2,5,1.76,4.05,0.06,96.1,4.25,320694.21,11.04,Upfront Payment,977270.62,679,Strategic Partner,7,1.46,3.58,4.18,4.19,0.01,87,2024-09-28,0,"High Invoice, High Cost Supplier"
SUP65,Supplier 99,Bandung,Footwear,Contact 465,supplier100@supplier.com,+62-812-1371,PROD6308,Product 452,WH38,Bali,28,82.9,99.53,0.66,2.4,433699.67,6,2.95,4.66,0.11,84.91,3.28,116984.74,0.26,Upfront Payment,2939988.71,626,Transactional,2,11.19,4.44,3.98,4.92,0.68,89,2023-01-16,2,"Low Cost, Efficient Supplier"
SUP50,Supplier 4,Surabaya,Footwear,Contact 101,supplier22@supplier.com,+62-812-3535,PROD9503,Product 309,WH22,Jakarta,30,93.06,97.99,1.73,4.31,475276.0,9,4.93,4.98,1.03,85.81,4.79,383811.34,9.74,Net 60,3818645.55,736,Transactional,2,9.5,3.69,4.04,3.61,0.23,88,2022-09-25,2,"Low Cost, Efficient Supplier"
SUP54,Supplier 75,Medan,Accessories,Contact 276,supplier33@supplier.com,+62-812-2138,PROD9939,Product 693,WH41,Bandung,26,94.45,98.59,3.91,3.63,476610.09,4,2.3,4.04,0.16,89.08,3.12,601989.8,6.87,Net 30,4695302.32,668,Preferred Vendor,0,13.18,3.18,3.51,4.81,0.12,7,2024-03-20,2,"Low Cost, Efficient Supplier"
SUP49,Supplier 76,Surabaya,Footwear,Contact 309,supplier54@supplier.com,+62-812-9928,PROD2857,Product 452,WH48,Bali,26,94.33,90.8,0.9,4.55,438423.41,5,2.07,3.9,1.66,91.9,3.6,145112.92,16.7,Net 60,4846300.41,707,Transactional,0,1.17,3.58,3.93,4.58,0.65,47,2020-09-02,2,"Low Cost, Efficient Supplier"
SUP77,Supplier 63,Jakarta,Sportswear,Contact 292,supplier16@supplier.com,+62-812-6900,PROD1431,Product 202,WH33,Surabaya,8,95.6,91.26,3.77,2.38,398431.37,6,2.79,4.18,1.62,81.39,3.76,752598.69,11.64,Net 30,4821870.88,817,Preferred Vendor,1,3.55,4.31,4.32,3.04,0.35,77,2020-02-11,1,"Moderate Cost, Balanced Supplier"
SUP45,Supplier 24,Surabaya,Footwear,Contact 421,supplier35@supplier.com,+62-812-2948,PROD2701,Product 791,WH25,Medan,8,92.29,98.44,4.24,3.19,458167.41,10,0.34,4.74,1.54,93.09,4.25,747310.49,18.78,Net 60,539623.58,800,Preferred Vendor,5,1.09,4.11,3.57,4.43,0.23,88,2024-03-26,1,"Moderate Cost, Balanced Supplier"
SUP64,Supplier 65,Jakarta,Accessories,Contact 465,supplier59@supplier.com,+62-812-7062,PROD5527,Product 580,WH49,Bali,7,86.76,99.92,4.88,1.22,319649.19,9,0.4,4.17,1.63,85.42,4.34,89890.34,19.38,Net 30,4542662.45,713,Preferred Vendor,10,11.91,4.9,4.32,4.14,0.39,78,2021-09-12,0,"High Invoice, High Cost Supplier"
SUP28,Supplier 69,Medan,Footwear,Contact 192,supplier48@supplier.com,+62-812-1651,PROD5672,Product 102,WH25,Bali,20,88.28,97.79,2.89,4.94,25461.21,7,0.09,3.6,1.05,91.12,4.18,458455.26,2.84,Upfront Payment,4805265.01,808,Transactional,9,3.68,4.04,3.56,3.09,0.15,79,2022-07-07,0,"High Invoice, High Cost Supplier"
SUP15,Supplier 9,Jakarta,Sportswear,Contact 433,supplier31@supplier.com,+62-812-2216,PROD3341,Product 360,WH22,Bandung,5,98.75,98.19,1.99,4.69,102316.68,6,3.53,3.54,0.21,98.79,4.75,230838.22,12.79,Upfront Payment,920117.39,810,Preferred Vendor,7,4.78,4.25,3.86,4.35,0.49,64,2020-07-04,1,"Moderate Cost, Balanced Supplier"
SUP4,Supplier 53,Surabaya,Sportswear,Contact 191,supplier40@supplier.com,+62-812-2787,PROD4126,Product 806,WH41,Medan,11,84.64,97.03,2.92,4.87,109233.68,3,3.72,4.85,1.62,85.34,3.49,482557.88,3.57,Net 60,4470573.17,648,Strategic Partner,5,10.33,3.8,4.22,4.87,0.26,28,2020-06-06,2,"Low Cost, Efficient Supplier"
SUP83,Supplier 97,Bandung,Accessories,Contact 63,supplier4@supplier.com,+62-812-2652,PROD7736,Product 586,WH4,Bandung,2,91.97,92.37,4.92,3.45,19958.6,9,0.05,3.78,0.02,73.54,3.55,580036.0,13.28,Upfront Payment,3933822.28,689,Transactional,1,11.95,4.01,4.23,3.92,0.77,85,2023-06-23,2,"Low Cost, Efficient Supplier"
SUP51,Supplier 43,Bandung,Footwear,Contact 29,supplier59@supplier.com,+62-812-2243,PROD4876,Product 335,WH49,Bandung,20,86.57,98.98,3.23,0.92,381678.8,5,4.95,4.36,1.36,72.53,3.59,541930.53,2.69,Upfront Payment,3087933.51,841,Preferred Vendor,4,1.44,4.59,3.26,4.0,0.03,96,2023-12-02,0,"High Invoice, High Cost Supplier"
SUP76,Supplier 41,Surabaya,Footwear,Contact 219,supplier1@supplier.com,+62-812-8943,PROD5932,Product 720,WH35,Bali,2,98.47,99.48,1.44,1.87,27672.8,9,0.08,4.55,0.34,97.63,3.73,716735.55,13.17,Net 60,3146227.72,652,Transactional,4,5.19,4.19,3.26,3.87,1.0,34,2022-10-24,1,"Moderate Cost, Balanced Supplier"
SUP64,Supplier 63,Medan,Footwear,Contact 344,supplier26@supplier.com,+62-812-2757,PROD2907,Product 615,WH2,Bandung,8,93.59,93.85,1.0,0.75,290394.07,5,1.03,4.89,0.89,96.72,3.39,535280.12,1.32,Upfront Payment,839278.69,802,Preferred Vendor,9,9.54,4.55,3.24,3.01,0.91,72,2023-12-22,1,"Moderate Cost, Balanced Supplier"
SUP11,Supplier 68,Jakarta,Sportswear,Contact 63,supplier47@supplier.com,+62-812-5247,PROD1318,Product 974,WH47,Medan,15,85.31,93.44,3.64,0.56,271558.93,7,3.65,4.71,1.23,95.09,4.84,212541.76,15.22,Net 30,2985595.55,702,Transactional,9,7.11,3.38,3.13,3.11,0.48,55,2022-10-21,0,"High Invoice, High Cost Supplier"
SUP84,Supplier 13,Jakarta,Accessories,Contact 267,supplier63@supplier.com,+62-812-6833,PROD6246,Product 138,WH38,Jakarta,18,94.86,97.05,0.42,3.76,107542.7,9,4.07,4.08,0.68,84.47,4.05,268116.2,13.4,Net 60,3994702.48,669,Preferred Vendor,10,9.45,4.07,3.56,4.03,0.31,53,2024-08-30,1,"Moderate Cost, Balanced Supplier"
SUP90,Supplier 10,Surabaya,Accessories,Contact 243,supplier37@supplier.com,+62-812-9664,PROD2906,Product 848,WH15,Bandung,15,88.2,92.48,2.32,0.87,199338.09,5,3.54,3.73,1.77,99.11,4.16,227431.78,2.52,Net 30,2150396.89,679,Strategic Partner,9,14.71,4.56,4.98,4.92,0.31,55,2020-03-27,2,"Low Cost, Efficient Supplier"
SUP55,Supplier 23,Medan,Footwear,Contact 173,supplier96@supplier.com,+62-812-1875,PROD9684,Product 230,WH32,Medan,6,98.89,91.61,1.98,4.03,222365.7,2,3.31,3.04,0.62,86.88,4.17,943110.42,11.5,Upfront Payment,2664726.98,798,Strategic Partner,10,5.76,4.78,3.65,3.84,0.85,16,2022-07-24,1,"Moderate Cost, Balanced Supplier"
SUP21,Supplier 59,Jakarta,Sportswear,Contact 298,supplier17@supplier.com,+62-812-3028,PROD5206,Product 693,WH43,Surabaya,9,92.32,94.85,2.25,4.47,359965.96,6,1.48,3.74,0.02,74.67,4.22,834769.58,0.39,Net 60,4079933.79,662,Transactional,5,11.96,3.04,3.52,3.52,0.9,43,2024-02-22,2,"Low Cost, Efficient Supplier"
SUP8,Supplier 53,Bandung,Footwear,Contact 283,supplier50@supplier.com,+62-812-2599,PROD4647,Product 523,WH35,Bali,11,87.48,91.39,3.79,3.92,418201.77,9,3.5,3.32,0.79,98.0,4.88,115866.93,2.46,Net 60,3629780.98,820,Strategic Partner,1,11.63,4.33,4.43,4.78,0.51,48,2022-03-26,2,"Low Cost, Efficient Supplier"
SUP11,Supplier 23,Surabaya,Accessories,Contact 258,supplier8@supplier.com,+62-812-5621,PROD6135,Product 666,WH46,Bandung,26,83.17,99.34,3.23,1.38,392876.28,7,2.5,4.55,1.88,92.16,3.22,170483.71,6.53,Net 60,2721492.76,635,Strategic Partner,1,4.34,3.06,3.39,4.12,0.43,91,2024-10-01,2,"Low Cost, Efficient Supplier"
SUP53,Supplier 21,Surabaya,Sportswear,Contact 224,supplier48@supplier.com,+62-812-4364,PROD7965,Product 933,WH7,Surabaya,19,88.0,98.85,0.4,1.44,496886.51,7,3.47,4.99,0.59,85.15,4.1,524505.35,3.29,Net 60,4718068.95,636,Transactional,7,6.14,3.37,3.99,4.34,0.73,34,2020-11-10,2,"Low Cost, Efficient Supplier"
SUP19,Supplier 49,Medan,Accessories,Contact 498,supplier2@supplier.com,+62-812-1728,PROD6157,Product 982,WH26,Jakarta,6,92.63,98.86,4.29,1.19,461251.42,8,4.61,4.53,1.96,79.63,3.12,646151.36,7.41,Upfront Payment,3702412.96,796,Preferred Vendor,10,3.28,3.25,3.41,3.15,0.73,1,2020-12-31,1,"Moderate Cost, Balanced Supplier"
SUP67,Supplier 7,Bali,Sportswear,Contact 242,supplier35@supplier.com,+62-812-8957,PROD5272,Product 310,WH32,Bandung,2,98.06,93.61,1.71,2.71,179869.19,4,4.45,4.8,0.61,74.89,3.79,895226.2,15.01,Net 30,2056515.18,648,Strategic Partner,8,14.02,3.33,3.11,4.05,0.02,54,2021-07-24,1,"Moderate Cost, Balanced Supplier"
SUP46,Supplier 23,Bali,Accessories,Contact 255,supplier31@supplier.com,+62-812-6222,PROD2063,Product 855,WH17,Medan,8,84.6,90.32,4.73,2.2,191251.12,1,4.82,4.41,1.79,89.51,3.67,707284.46,17.88,Net 30,3506212.76,609,Preferred Vendor,0,5.75,3.27,4.55,4.37,0.16,82,2024-11-10,2,"Low Cost, Efficient Supplier"
SUP72,Supplier 9,Bali,Footwear,Contact 95,supplier70@supplier.com,+62-812-9949,PROD7047,Product 183,WH4,Medan,19,80.37,93.11,1.44,1.78,416875.19,1,0.21,3.17,0.87,87.06,4.32,786692.61,17.99,Net 30,3082349.74,707,Transactional,7,3.22,4.44,3.26,3.92,0.11,54,2021-11-01,0,"High Invoice, High Cost Supplier"
SUP67,Supplier 90,Bali,Accessories,Contact 103,supplier29@supplier.com,+62-812-9083,PROD8224,Product 384,WH12,Bali,19,90.8,98.99,0.31,2.17,441505.43,4,0.55,4.28,0.64,88.49,4.04,877454.34,6.28,Upfront Payment,3018227.55,846,Strategic Partner,8,1.75,3.14,4.48,3.56,0.39,2,2024-07-29,1,"Moderate Cost, Balanced Supplier"
